train loss,train accuracy,test loss,test accuracy
0.52652246,0.7331875,0.58544326,0.68575
0.5887394,0.6849375,0.6438044,0.64575
