train loss,train accuracy,test loss,test accuracy
0.5974208,0.6738125,0.6165051,0.64325
0.5749166,0.695125,0.5963772,0.6725
