CVNN loss, RVNN loss
0.16718109,0.2500011
0.25001407,0.25002065
0.21410938,0.25002462
0.24999942,0.24999247
0.2417339,0.24999961
0.24999732,0.2500072
0.10187316,0.25000587
0.2500085,0.24999821
0.2500207,0.24999817
0.1022348,0.25002128
0.11905049,0.2500021
0.24818604,0.2500033
0.25000462,0.25001532
0.121406876,0.25000373
0.25000092,0.24999443
0.24930605,0.2500041
0.24255711,0.24999985
0.2188209,0.24999736
0.24999893,0.25000805
0.23542167,0.25000197
